{
  "model": "distilbert",
  "hf_model_id": "distilbert-base-uncased",
  "dataset": "swmh",
  "test_metrics": {
    "accuracy": 0.6956853760977473,
    "macro_f1": 0.7033778929517795,
    "weighted_f1": 0.6949901284012607,
    "macro_precision": 0.7014724416778806,
    "macro_recall": 0.706586473377406,
    "mcc": 0.607882927280785,
    "auc_roc": 0.9086987495931134,
    "fnr": 0.29341352662259407
  },
  "hyperparams": {
    "max_len": 256,
    "batch_size": 32,
    "lr": 2e-05,
    "epochs_run": 5,
    "patience": 2,
    "warmup_steps": 522,
    "weight_decay": 0.01
  }
}