{
  "kaggle2swmh": {
    "accuracy": 0.5332187857961054,
    "macro_f1": 0.5048389027459189,
    "weighted_f1": 0.5798170148234848,
    "macro_precision": 0.5838003071378932,
    "macro_recall": 0.6363792493321203,
    "mcc": 0.2138094757607061,
    "auc_roc": 0.6917838120247196,
    "fnr": 0.20051948051948051
  },
  "swmh2kaggle": {
    "accuracy": 0.822116028761556,
    "macro_f1": 0.8202357278112535,
    "weighted_f1": 0.8198407825024782,
    "macro_precision": 0.8420170202762347,
    "macro_recall": 0.8246936176788602,
    "mcc": 0.6664855395917746,
    "auc_roc": 0.9211852671163105,
    "fnr": 0.2952955578873732
  }
}