{
  "kaggle2swmh": {
    "accuracy": 0.5580374188621612,
    "macro_f1": 0.5236684455490525,
    "weighted_f1": 0.6045955305428897,
    "macro_precision": 0.5889722400724476,
    "macro_recall": 0.6469529955484814,
    "mcc": 0.22868963421462563,
    "auc_roc": 0.7112276987426094,
    "fnr": 0.21246753246753247
  },
  "swmh2kaggle": {
    "accuracy": 0.855477647268992,
    "macro_f1": 0.855124812326993,
    "weighted_f1": 0.8549712253522406,
    "macro_precision": 0.8619971164630773,
    "macro_recall": 0.8569332290241375,
    "mcc": 0.7189125111627782,
    "auc_roc": 0.9362536475891311,
    "fnr": 0.2108254634487583
  }
}