{
  "kaggle2swmh": {
    "accuracy": 0.7397861779305078,
    "macro_f1": 0.6489929963734065,
    "weighted_f1": 0.7619050874014385,
    "macro_precision": 0.6386474335525899,
    "macro_recall": 0.6968983957219251,
    "mcc": 0.33045094787255286,
    "auc_roc": 0.7638602305191009,
    "fnr": 0.3709090909090909
  },
  "swmh2kaggle": {
    "accuracy": 0.8365861283551427,
    "macro_f1": 0.8357219475504571,
    "weighted_f1": 0.8354659925214833,
    "macro_precision": 0.8480276845627945,
    "macro_recall": 0.838531144851693,
    "mcc": 0.6864931478030258,
    "auc_roc": 0.9217548769018987,
    "fnr": 0.25201119272472894
  }
}